{
  "checkAnswer" : {
    "transaction" : "checkAnswer",
    "sampleCount" : 2400,
    "errorCount" : 0,
    "errorPct" : 0.0,
    "meanResTime" : 1556.890833333331,
    "medianResTime" : 1494.5,
    "minResTime" : 22.0,
    "maxResTime" : 7467.0,
    "pct1ResTime" : 2748.3000000000006,
    "pct2ResTime" : 3263.2499999999973,
    "pct3ResTime" : 4245.99,
    "throughput" : 14.4355692426138,
    "receivedKBytesPerSec" : 5.977227889519777,
    "sentKBytesPerSec" : 7.2177846213069
  },
  "Get question" : {
    "transaction" : "Get question",
    "sampleCount" : 2400,
    "errorCount" : 0,
    "errorPct" : 0.0,
    "meanResTime" : 1554.0162500000004,
    "medianResTime" : 1482.5,
    "minResTime" : 33.0,
    "maxResTime" : 6970.0,
    "pct1ResTime" : 2764.8,
    "pct2ResTime" : 3122.699999999999,
    "pct3ResTime" : 3944.8499999999967,
    "throughput" : 14.434701021255098,
    "receivedKBytesPerSec" : 22.03265400021652,
    "sentKBytesPerSec" : 4.96192847605644
  },
  "Total" : {
    "transaction" : "Total",
    "sampleCount" : 12000,
    "errorCount" : 0,
    "errorPct" : 0.0,
    "meanResTime" : 1566.62283333334,
    "medianResTime" : 1502.0,
    "minResTime" : 22.0,
    "maxResTime" : 7467.0,
    "pct1ResTime" : 2675.8999999999996,
    "pct2ResTime" : 3137.0,
    "pct3ResTime" : 4140.9299999999985,
    "throughput" : 72.07769976034164,
    "receivedKBytesPerSec" : 49.76458372125151,
    "sentKBytesPerSec" : 30.168459098908624
  },
  "Login" : {
    "transaction" : "Login",
    "sampleCount" : 2400,
    "errorCount" : 0,
    "errorPct" : 0.0,
    "meanResTime" : 1698.6591666666704,
    "medianResTime" : 1572.0,
    "minResTime" : 144.0,
    "maxResTime" : 5199.0,
    "pct1ResTime" : 2522.6000000000004,
    "pct2ResTime" : 2907.2499999999973,
    "pct3ResTime" : 3740.1999999999825,
    "throughput" : 14.425157474635764,
    "receivedKBytesPerSec" : 9.860947492426792,
    "sentKBytesPerSec" : 3.592202300812617
  },
  "checkAnswer2" : {
    "transaction" : "checkAnswer2",
    "sampleCount" : 2400,
    "errorCount" : 0,
    "errorPct" : 0.0,
    "meanResTime" : 1517.565833333333,
    "medianResTime" : 1440.0,
    "minResTime" : 22.0,
    "maxResTime" : 6703.0,
    "pct1ResTime" : 2676.8,
    "pct2ResTime" : 3240.7999999999993,
    "pct3ResTime" : 4284.779999999995,
    "throughput" : 14.43565607049412,
    "receivedKBytesPerSec" : 5.977263841688972,
    "sentKBytesPerSec" : 7.175536074103035
  },
  "checkAnswer3" : {
    "transaction" : "checkAnswer3",
    "sampleCount" : 2400,
    "errorCount" : 0,
    "errorPct" : 0.0,
    "meanResTime" : 1505.9820833333313,
    "medianResTime" : 1443.0,
    "minResTime" : 23.0,
    "maxResTime" : 6705.0,
    "pct1ResTime" : 2672.0,
    "pct2ResTime" : 3160.9999999999964,
    "pct3ResTime" : 4274.729999999994,
    "throughput" : 14.43574289941896,
    "receivedKBytesPerSec" : 5.977299794290664,
    "sentKBytesPerSec" : 7.2601636652351225
  }
}